<?xml version="1.0" encoding="UTF-8" standalone="yes"?>
<addon id="plugin.video.ft" name="FT" version="1.0" provider-name="Doc Shadrach">
	<requires>
		<import addon="xbmc.python" version="2.1.0"/>
	</requires>
	<extension point="xbmc.python.pluginsource" library="default.py">
		<provides>video</provides>
	</extension>
	<extension point="xbmc.addon.metadata">
		<summary lang="es">FT</summary>
		<description>Buscador de v�deos a trav�s de servidores.</description>
		<platform>all</platform>
	</extension>
</addon>