<?xml version="1.0" encoding="UTF-8" standalone="yes"?>
<addon id="plugin.video.pulsar" name="Pulsar" version="0.1.0" provider-name="steeve">
    <requires>
        <import addon="xbmc.python" version="2.1.0"/>
    </requires>
    <extension point="xbmc.python.pluginsource" library="main.py">
        <provides>video</provides>
    </extension>
    <extension point="xbmc.service" library="pulsard.py" start="login"/>
    <extension point="xbmc.addon.metadata">
        <platform>all</platform>
        <language></language>
    </extension>
</addon>
