<?xml version="1.0" encoding="UTF-8" standalone="yes"?>
<addon id="plugin.audio.radio3alacarta" name="Radio 3" version="1.1.0" provider-name="Doc Shadrach">
	<requires>
		<import addon="xbmc.python" version="2.1.0"/>
	</requires>
	<extension point="xbmc.python.pluginsource" library="default.py">
		<provides>audio</provides>
	</extension>
	<extension point="xbmc.addon.metadata">
		<summary></summary>
		<description>Radio 3 a la carta.</description>
		<platform>all</platform>
	</extension>
</addon>