<?xml version="1.0" encoding="UTF-8" standalone="yes"?>
<addon id="plugin.video.miaddon" name="Nombre del addon" version="1.0" provider-name="Creador">
	<requires>
		<import addon="xbmc.python" version="2.1.0"/>
		<import addon="script.module.urlresolver" version="1.0.0"/>
		<import addon="plugin.video.youtube" version="3.0.0"/>
	</requires>
	<extension point="xbmc.python.pluginsource" library="default.py">
		<provides>video</provides>
	</extension>
	<extension point="xbmc.addon.metadata">
		<summary></summary>
		<description></description>
		<platform>all</platform>
	</extension>
</addon>