<?xml version="1.0" encoding="UTF-8" standalone="yes"?>
<addon id="plugin.video.blank" name="blank" version="1.0" provider-name="Doc Shadrach">
	<requires>
		<import addon="xbmc.python" version="2.1.0"/>
	</requires>
	<extension point="xbmc.python.pluginsource" library="default.py">
		<provides>video</provides>
	</extension>
	<extension point="xbmc.addon.metadata">
		<summary>Add-on base</summary>
		<description>Plantilla para crear tu propio add-on.</description>
		<platform>all</platform>
	</extension>
</addon>